{"stats":{"minecraft:used":{"minecraft:quartz_bricks":10,"minecraft:glass":2,"minecraft:bedrock":1,"minecraft:brown_terracotta":1,"minecraft:iron_bars":2,"minecraft:bricks":1797,"minecraft:snow":18,"minecraft:loom":1,"minecraft:heavy_weighted_pressure_plate":1,"minecraft:snow_block":38,"minecraft:light_gray_concrete":15,"minecraft:brown_wool":1,"minecraft:spruce_slab":11,"minecraft:brick_slab":48,"minecraft:grass_block":3,"minecraft:white_stained_glass_pane":37,"minecraft:spruce_stairs":3,"minecraft:white_stained_glass":85,"minecraft:stone_button":10,"minecraft:chain":22,"minecraft:quartz_block":1,"minecraft:glass_pane":2,"minecraft:brown_concrete":1,"minecraft:painting":16,"minecraft:dark_oak_slab":23,"minecraft:white_concrete":34,"minecraft:smooth_quartz":1,"minecraft:iron_door":13},"minecraft:dropped":{"minecraft:bedrock":1,"minecraft:grass_block":1},"minecraft:custom":{"minecraft:time_since_rest":61088,"minecraft:crouch_one_cm":99,"minecraft:play_time":61088,"minecraft:sprint_one_cm":3597,"minecraft:walk_one_cm":25432,"minecraft:sneak_time":393,"minecraft:drop":2,"minecraft:jump":48,"minecraft:leave_game":1,"minecraft:time_since_death":61088,"minecraft:total_world_time":61088,"minecraft:fly_one_cm":279529}},"DataVersion":3120}