{"stats":{"minecraft:custom":{"minecraft:time_since_rest":140336,"minecraft:crouch_one_cm":803,"minecraft:sprint_one_cm":138,"minecraft:play_time":140336,"minecraft:walk_one_cm":66461,"minecraft:sneak_time":1946,"minecraft:mob_kills":1,"minecraft:interact_with_anvil":6,"minecraft:drop":3,"minecraft:jump":72,"minecraft:damage_dealt":88,"minecraft:leave_game":3,"minecraft:time_since_death":140336,"minecraft:total_world_time":140336,"minecraft:fly_one_cm":515805},"minecraft:dropped":{"minecraft:white_stained_glass_pane":1,"minecraft:bricks":1,"minecraft:grass_block":1},"minecraft:killed":{"minecraft:sheep":1},"minecraft:picked_up":{"minecraft:mutton":1,"minecraft:bricks":1,"minecraft:white_wool":2,"minecraft:egg":1},"minecraft:used":{"minecraft:birch_fence":8,"minecraft:dark_oak_planks":8,"minecraft:green_concrete":8,"minecraft:cow_spawn_egg":1,"minecraft:bricks":738,"minecraft:anvil":4,"minecraft:light_blue_concrete":19,"minecraft:iron_trapdoor":5,"minecraft:light_gray_concrete":131,"minecraft:brick_slab":35,"minecraft:grass_block":10,"minecraft:dark_oak_fence":3,"minecraft:white_stained_glass_pane":358,"minecraft:brick_stairs":19,"minecraft:barrier":43,"minecraft:white_stained_glass":7,"minecraft:glass_pane":8,"minecraft:chicken_spawn_egg":1,"minecraft:white_concrete":649,"minecraft:painting":17,"minecraft:iron_door":5,"minecraft:sheep_spawn_egg":5,"minecraft:cat_spawn_egg":1}},"DataVersion":3120}