{"stats":{"minecraft:custom":{"minecraft:jump":197,"minecraft:time_since_rest":28357,"minecraft:damage_dealt":80,"minecraft:crouch_one_cm":11492,"minecraft:leave_game":1,"minecraft:sprint_one_cm":90234,"minecraft:play_time":28357,"minecraft:time_since_death":28357,"minecraft:walk_one_cm":46078,"minecraft:sneak_time":4632,"minecraft:total_world_time":28637,"minecraft:mob_kills":1,"minecraft:fly_one_cm":238338},"minecraft:used":{"minecraft:spruce_stairs":1,"minecraft:barrier":132,"minecraft:white_stained_glass":2,"minecraft:diamond_sword":1,"minecraft:bricks":10,"towerdefense:death_block":6,"minecraft:spruce_slab":1},"minecraft:killed":{"minecraft:sheep":1},"minecraft:picked_up":{"minecraft:mutton":2,"minecraft:white_wool":1}},"DataVersion":3120}