{"stats":{"minecraft:custom":{"minecraft:time_since_rest":85769,"minecraft:crouch_one_cm":1948,"minecraft:sprint_one_cm":11663,"minecraft:play_time":85769,"minecraft:walk_one_cm":28833,"minecraft:sneak_time":2399,"minecraft:mob_kills":3,"minecraft:drop":1,"minecraft:jump":71,"minecraft:damage_dealt":310,"minecraft:leave_game":3,"minecraft:time_since_death":85769,"minecraft:total_world_time":85769,"minecraft:fly_one_cm":460713},"minecraft:dropped":{"minecraft:oak_planks":1},"minecraft:killed":{"minecraft:sheep":2},"minecraft:picked_up":{"minecraft:brown_wool":1,"minecraft:gray_wool":1,"minecraft:light_gray_wool":2,"minecraft:black_wool":1,"minecraft:mutton":11,"minecraft:oak_planks":1,"minecraft:white_wool":2},"minecraft:used":{"minecraft:creeper_spawn_egg":8,"minecraft:white_wool":18,"minecraft:cut_copper_stairs":59,"minecraft:bedrock":16,"minecraft:torch":9,"minecraft:green_concrete":21,"minecraft:purple_concrete":25,"minecraft:bricks":17,"minecraft:cobblestone":15,"minecraft:command_block":26,"minecraft:red_wool":5,"minecraft:red_concrete":15,"minecraft:white_stained_glass":23,"minecraft:oak_planks":144,"minecraft:white_concrete":36,"minecraft:stone":26,"minecraft:granite":21,"minecraft:blue_concrete":13,"minecraft:sheep_spawn_egg":68}},"DataVersion":3120}