{"stats":{"minecraft:killed":{"minecraft:sheep":6},"minecraft:used":{"minecraft:redstone_torch":15,"minecraft:sticky_piston":4,"minecraft:oak_fence":217,"minecraft:lever":34,"minecraft:green_concrete":6,"minecraft:bricks":616,"minecraft:light_gray_stained_glass":2,"minecraft:command_block":11,"minecraft:grass_block":24,"minecraft:red_concrete":93,"minecraft:redstone":41,"minecraft:barrier":3,"minecraft:oak_sign":2,"minecraft:redstone_block":2,"minecraft:iron_door":2,"minecraft:sheep_spawn_egg":9,"minecraft:bedrock":49,"minecraft:glowstone":6,"minecraft:repeater":3,"minecraft:lime_concrete":1,"minecraft:comparator":8,"minecraft:white_stained_glass":8,"minecraft:white_concrete":735,"minecraft:blue_concrete":94},"minecraft:picked_up":{"minecraft:repeater":1,"minecraft:brown_wool":1,"minecraft:redstone":8,"minecraft:command_block":1,"minecraft:lever":3,"minecraft:redstone_torch":2,"minecraft:gray_wool":1,"minecraft:mutton":10,"minecraft:white_wool":5},"minecraft:custom":{"minecraft:time_since_rest":130232,"minecraft:sprint_one_cm":131563,"minecraft:walk_one_cm":236905,"minecraft:mob_kills":6,"minecraft:drop":23,"minecraft:damage_dealt":570,"minecraft:fly_one_cm":266387,"minecraft:crouch_one_cm":3962,"minecraft:play_time":130232,"minecraft:sneak_time":2241,"minecraft:jump":311,"minecraft:leave_game":10,"minecraft:time_since_death":130232,"minecraft:total_world_time":130232},"minecraft:dropped":{"minecraft:bricks":2,"minecraft:lever":3,"minecraft:repeater":2,"minecraft:white_concrete":1,"minecraft:glowstone":1,"minecraft:barrier":1,"minecraft:redstone_torch":3,"minecraft:command_block":1,"minecraft:redstone":9}},"DataVersion":3218}