{"stats":{"minecraft:crafted":{"minecraft:kelp":7,"minecraft:podzol":18,"minecraft:yellow_dye":36,"minecraft:magenta_dye":36},"minecraft:killed":{"minecraft:parrot":1,"minecraft:bat":3,"minecraft:tadpole":1,"minecraft:frog":1,"minecraft:goat":1,"minecraft:panda":2,"minecraft:fox":1,"minecraft:llama":1,"minecraft:axolotl":1},"minecraft:used":{"minecraft:quartz_bricks":1042,"minecraft:oak_trapdoor":56,"minecraft:nether_brick_fence":31,"minecraft:water_bucket":5,"minecraft:netherite_sword":4,"minecraft:iron_bars":13,"minecraft:brick_wall":5,"minecraft:snow_block":60,"minecraft:orange_concrete":63,"minecraft:smooth_quartz_slab":3989,"minecraft:tadpole_spawn_egg":1,"minecraft:red_concrete":273,"minecraft:spruce_slab":491,"minecraft:prismarine":2,"minecraft:oak_planks":73,"minecraft:axolotl_spawn_egg":1,"minecraft:spruce_planks":247,"minecraft:brown_concrete":25,"minecraft:fox_spawn_egg":1,"minecraft:parrot_spawn_egg":1,"minecraft:red_nether_brick_stairs":11,"minecraft:quartz_stairs":28,"minecraft:llama_spawn_egg":1,"minecraft:smooth_quartz_stairs":108,"minecraft:white_wool":1,"minecraft:glow_item_frame":1,"minecraft:torch":1,"minecraft:dirt":3,"minecraft:yellow_terracotta":7,"minecraft:light_blue_concrete":91,"minecraft:brick_slab":290,"minecraft:light_blue_wool":1,"minecraft:spruce_stairs":126,"minecraft:yellow_concrete":14,"minecraft:chiseled_quartz_block":937,"minecraft:gray_concrete":104,"minecraft:painting":136,"minecraft:spruce_fence":2,"minecraft:blue_concrete":55,"minecraft:black_terracotta":55,"minecraft:frog_spawn_egg":1,"minecraft:glass":2,"minecraft:brown_terracotta":75,"minecraft:lever":11,"minecraft:green_concrete":8,"minecraft:light":1858,"minecraft:lava_bucket":2,"minecraft:bricks":12914,"minecraft:daylight_detector":2,"minecraft:mangrove_stairs":1,"minecraft:quartz_slab":13,"minecraft:light_gray_concrete":588,"minecraft:spruce_wood":8,"minecraft:grass_block":2,"minecraft:panda_spawn_egg":1,"minecraft:brick_stairs":317,"minecraft:barrier":101,"minecraft:warped_fence":103,"minecraft:stone_button":8,"minecraft:red_terracotta":35,"minecraft:spruce_trapdoor":205,"minecraft:smooth_quartz":627,"minecraft:iron_door":12,"minecraft:mud_bricks":179,"minecraft:item_frame":7,"minecraft:fishing_rod":2,"minecraft:diamond_sword":24,"minecraft:bow":1,"minecraft:cobblestone":3,"minecraft:light_blue_concrete_powder":1,"minecraft:snow":964,"minecraft:iron_trapdoor":12,"minecraft:deepslate_tile_stairs":47,"minecraft:white_stained_glass_pane":354,"minecraft:white_stained_glass":1922,"minecraft:chain":51,"minecraft:smooth_stone_slab":8,"minecraft:goat_spawn_egg":1,"minecraft:husk_spawn_egg":2,"minecraft:white_concrete":18323,"minecraft:orange_terracotta":1},"minecraft:picked_up":{"minecraft:barrier":2,"minecraft:feather":2,"minecraft:light":2,"minecraft:bamboo":1,"minecraft:snow_block":1,"minecraft:painting":1,"minecraft:white_concrete":1,"minecraft:bricks":1},"minecraft:custom":{"minecraft:mob_kills":12,"minecraft:traded_with_villager":37,"minecraft:leave_game":16,"minecraft:time_since_death":813841,"minecraft:time_since_rest":813841,"minecraft:sprint_one_cm":21971,"minecraft:walk_one_cm":1690579,"minecraft:drop":7,"minecraft:damage_dealt":1670,"minecraft:talked_to_villager":10,"minecraft:fly_one_cm":4167082,"minecraft:crouch_one_cm":157072,"minecraft:play_time":813841,"minecraft:sneak_time":58845,"minecraft:jump":1494,"minecraft:walk_on_water_one_cm":507,"minecraft:total_world_time":813841},"minecraft:dropped":{"minecraft:snow_block":1,"minecraft:bricks":1,"minecraft:barrier":2,"minecraft:light":2,"minecraft:white_concrete":1}},"DataVersion":3218}